date,close,stck_oprc,high,low,volume,tr_amount,flng_cls_code,prtt_rate,mod_yn,prdy_vrss_sign,prdy_vrss,revl_issu_reas
2025-02-03,119000,128200,128500,119000,751464,91230451700,00,0.00,N,5,-12000,
2025-02-04,120300,122100,126200,120200,596140,73452875700,00,0.00,N,2,1300,
2025-02-05,123600,121100,125400,121100,422903,52140676700,00,0.00,N,2,3300,
2025-02-06,122700,124200,126000,121400,406803,50025267400,00,0.00,N,5,-900,
2025-02-07,121100,123400,130500,120800,871007,108459654100,00,0.00,N,5,-1600,
2025-02-10,120700,118600,121800,116800,520316,62333294000,00,0.00,N,5,-400,
2025-02-11,120700,120900,124000,118600,674615,81965667400,00,0.00,N,3,0,
2025-02-12,121200,120600,123500,118500,572381,69371875900,00,0.00,N,2,500,
2025-02-13,131100,122800,134300,122700,1977098,254687012100,00,0.00,N,2,9900,
2025-02-14,128000,129800,131400,125400,948904,121589942100,00,0.00,N,5,-3100,
2025-02-17,130600,128500,133700,127000,936794,122658324900,00,0.00,N,2,2600,
2025-02-18,128400,131700,131700,128100,506687,65374539600,00,0.00,N,5,-2200,
2025-02-19,135200,128900,137400,128500,1362738,183066397200,00,0.00,N,2,6800,
2025-02-20,135600,136600,140300,134100,961534,131578262500,00,0.00,N,2,400,
2025-02-21,137400,136700,139500,135300,722478,99011298800,00,0.00,N,2,1800,
2025-02-24,140800,135800,141700,134400,890021,124013873800,00,0.00,N,2,3400,
2025-02-25,133100,139500,139900,133100,715115,96771356800,00,0.00,N,5,-7700,
2025-02-26,138600,133000,141000,132700,889786,122838419300,00,0.00,N,2,5500,
2025-02-27,134000,138600,139000,132800,907540,122387213700,00,0.00,N,5,-4600,
2025-02-28,119000,131200,131900,117000,2490297,302200374000,00,0.00,N,5,-15000,
2025-03-04,111900,117900,117900,111500,1048865,119387571700,00,0.00,N,5,-7100,
2025-03-05,112700,113100,115100,110700,675537,76156618900,00,0.00,N,2,800,
2025-03-06,112900,114600,118600,112700,818758,94575857650,00,0.00,N,2,200,
2025-03-07,116700,111300,117500,111300,726487,83951907100,00,0.00,N,2,3800,
2025-03-10,123000,116800,123900,115500,1004048,121766485250,00,0.00,N,2,6300,
2025-03-11,119000,117700,120400,117600,609352,72513152900,00,0.00,N,5,-4000,
2025-03-12,119400,120800,122100,119100,542178,65281717400,00,0.00,N,2,400,
2025-03-13,115600,121500,122200,115000,866306,101347015350,00,0.00,N,5,-3800,
2025-03-14,112500,115300,116300,111200,685802,77542288350,00,0.00,N,5,-3100,
2025-03-17,110800,113100,113700,110700,526173,58648398500,00,0.00,N,5,-1700,
2025-03-18,111300,111500,114100,110800,542930,60941220800,00,0.00,N,2,500,
2025-03-19,111900,111100,113400,110200,466804,52313555200,00,0.00,N,2,600,
2025-03-20,112900,114000,114400,112000,546358,61682630650,00,0.00,N,2,1000,
2025-03-21,112000,112900,114300,108300,740288,82517470200,00,0.00,N,5,-900,
2025-03-24,108300,113300,113300,107600,407220,44413676000,00,0.00,N,5,-3700,
2025-03-25,107500,109200,111100,107400,313753,34183811900,00,0.00,N,5,-800,
2025-03-26,111400,108300,113100,107900,482240,53326838650,00,0.00,N,2,3900,
2025-03-27,108200,109600,111000,108100,220391,24098144700,00,0.00,N,5,-3200,
2025-03-28,103500,108500,109300,103400,427159,45023302500,00,0.00,N,5,-4700,
2025-03-31,96200,100100,100900,95600,730715,70973701500,00,0.00,N,5,-7300,
2025-04-01,95700,97100,97800,94900,553383,53303257950,00,0.00,N,5,-500,
2025-04-02,91300,96400,96800,90100,634388,58197033450,00,0.00,N,5,-4400,
2025-04-03,91100,87000,91900,87000,484086,43642022350,00,0.00,N,5,-200,
2025-04-04,98100,89700,99800,89700,878322,84164082250,00,0.00,N,2,7000,
2025-04-07,92600,94300,98700,92400,472746,44813021900,00,0.00,N,5,-5500,
2025-04-08,94800,95400,97100,93700,370051,35371747400,00,0.00,N,2,2200,
2025-04-09,94700,93400,97400,92900,504185,48083454300,00,0.00,N,5,-100,
2025-04-10,103500,102700,103700,99700,832285,85374930200,00,0.00,N,2,8800,
2025-04-11,100300,100500,102500,98200,378827,37656820450,00,0.00,N,5,-3200,
2025-04-14,101800,100500,103600,100300,306365,31112771550,00,0.00,N,2,1500,
2025-04-15,100000,101900,102200,99100,257991,25876513450,00,0.00,N,5,-1800,
2025-04-16,97400,100200,101700,96800,242341,23914672300,00,0.00,N,5,-2600,
2025-04-17,97500,97100,98900,96600,323489,31545791100,00,0.00,N,2,100,
2025-04-18,96500,97300,97300,95100,184626,17760926200,00,0.00,N,5,-1000,
2025-04-21,94900,95600,97700,94800,161467,15493705650,00,0.00,N,5,-1600,
2025-04-22,94600,94500,98000,93900,198847,18917308750,00,0.00,N,5,-300,
2025-04-23,101200,96500,101400,96300,432217,42741806350,00,0.00,N,2,6600,
2025-04-24,100800,102200,102700,99800,233628,23635095550,00,0.00,N,5,-400,
2025-04-25,103500,102600,106300,100700,364213,37765326750,00,0.00,N,2,2700,
2025-04-28,104500,105800,108900,104000,378850,40260190000,00,0.00,N,2,1000,
2025-04-29,102400,105900,106500,99700,613414,62570024550,00,0.00,N,5,-2100,
2025-04-30,101500,102400,103100,100100,465607,47360336500,00,0.00,N,5,-900,
2025-05-02,104500,101600,104800,99900,371027,38280284400,00,0.00,N,2,3000,
2025-05-07,100600,104800,105300,99600,400563,40398237150,00,0.00,N,5,-3900,
2025-05-08,103800,100600,105500,99600,686506,70699036950,00,0.00,N,2,3200,
2025-05-09,97800,102600,103900,97500,505947,50267682950,00,0.00,N,5,-6000,
2025-05-12,102300,98800,102500,98400,467791,47243607950,00,0.00,N,2,4500,
2025-05-13,98800,104100,104100,98500,341844,34336783900,00,0.00,N,5,-3500,
2025-05-14,99400,98900,100300,95300,462864,45343125400,00,0.00,N,2,600,
2025-05-15,97200,98800,100000,97100,171364,16840203900,00,0.00,N,5,-2200,
2025-05-16,94300,97400,97800,94000,257519,24453487350,00,0.00,N,5,-2900,
2025-05-19,93700,93000,96100,92700,250284,23596248750,00,0.00,N,5,-600,
2025-05-20,88300,94900,94900,87900,497104,44551375300,00,0.00,N,5,-5400,
2025-05-21,87900,88200,91000,87700,292327,26077850450,00,0.00,N,5,-400,
2025-05-22,87600,88000,89200,84100,425680,36797758450,00,0.00,N,5,-300,
2025-05-23,83600,88700,88800,83300,335504,28379190600,00,0.00,N,5,-4000,
2025-05-26,85500,83000,88200,82900,423735,36664496400,00,0.00,N,2,1900,
2025-05-27,81200,84700,85100,81100,386979,31745510100,00,0.00,N,5,-4300,
2025-05-28,88800,82200,89800,81300,759138,65198042300,00,0.00,N,2,7600,
2025-05-29,90000,89300,91300,86400,416161,37126194850,00,0.00,N,2,1200,
2025-05-30,89700,89200,91200,86700,440240,39225773350,00,0.00,N,5,-300,
2025-06-02,89000,90300,91500,87600,294820,26315062150,00,0.00,N,5,-700,
2025-06-04,91700,90700,94200,90100,445175,41068790550,00,0.00,N,2,2700,
2025-06-05,96200,91900,97900,90600,434236,41511914150,00,0.00,N,2,4500,
2025-06-09,92400,95300,95800,91100,400955,37128283750,00,0.00,N,5,-3800,
2025-06-10,92200,93300,94000,91200,349959,32328247700,00,0.00,N,5,-200,
2025-06-11,94900,93000,96700,93000,447597,42520512000,00,0.00,N,2,2700,
2025-06-12,97500,94400,101100,94000,1006498,98815819100,00,0.00,N,2,2600,
2025-06-13,92000,96800,96800,91800,417317,38908699600,00,0.00,N,5,-5500,
2025-06-16,90000,91700,92400,89400,242857,21897416900,00,0.00,N,5,-2000,
2025-06-17,89500,91000,93200,89200,346708,31421866850,00,0.00,N,5,-500,
2025-06-18,90400,89400,93000,89300,352682,32013987600,00,0.00,N,2,900,
2025-06-19,90900,91600,93600,88900,431652,39275341450,00,0.00,N,2,500,
2025-06-20,102000,91300,102300,89800,1793484,177353006650,00,0.00,N,2,11100,
2025-06-23,99200,99000,101100,96400,608577,60008549550,00,0.00,N,5,-2800,
2025-06-24,105200,104400,108100,103600,1049993,110926593100,00,0.00,N,2,6000,
2025-06-25,105400,105500,106700,103100,434792,45568015800,00,0.00,N,2,200,
2025-06-26,105600,106800,107600,104200,444257,46980509350,00,0.00,N,2,200,
2025-06-27,100200,105300,106000,99600,449791,45642836100,00,0.00,N,5,-5400,
2025-06-30,100600,101000,104200,100100,357579,36443555600,00,0.00,N,2,400,
2025-07-01,102000,100700,104000,99700,339853,34686137150,00,0.00,N,2,1400,
2025-07-02,103200,101000,103500,99900,257953,26238493550,00,0.00,N,2,1200,
2025-07-03,106200,104400,108300,103600,645885,68383385700,00,0.00,N,2,3000,
2025-07-04,104100,104200,105400,102400,321107,33336796400,00,0.00,N,5,-2100,
2025-07-07,100300,105100,106900,100300,391749,39939308550,00,0.00,N,5,-3800,
2025-07-08,100300,101100,103700,99900,332805,33712771600,00,0.00,N,3,0,
2025-07-09,100800,101600,103000,100000,304380,30752781500,00,0.00,N,2,500,
2025-07-10,101500,101600,103300,100600,674476,68606667800,00,0.00,N,2,700,
2025-07-11,105200,103100,106900,102300,659029,69425566850,00,0.00,N,2,3700,
2025-07-14,105200,106900,106900,103200,376451,39338101150,00,0.00,N,3,0,
2025-07-15,105000,104700,106500,103600,315129,33037351300,00,0.00,N,5,-200,
2025-07-16,102700,104600,105700,102600,204020,21131977950,00,0.00,N,5,-2300,
2025-07-17,102900,104100,105300,101300,283178,29162579400,00,0.00,N,2,200,
2025-07-18,112200,105200,116600,105000,2128747,237275200150,00,0.00,N,2,9300,
2025-07-21,113400,111500,114000,110700,490204,55144986800,00,0.00,N,2,1200,
2025-07-22,109100,114400,114400,108700,410295,45595656150,00,0.00,N,5,-4300,
2025-07-23,109300,111300,112000,107200,292522,32045051400,00,0.00,N,2,200,
2025-07-24,112000,109600,113800,108800,496446,55562034250,00,0.00,N,2,2700,
2025-07-25,114600,112500,116900,111200,614152,70194795350,00,0.00,N,2,2600,
2025-07-28,114700,114700,117300,112700,405846,46724397100,00,0.00,N,2,100,
2025-07-29,110000,112400,112500,108600,494643,54417173200,00,0.00,N,5,-4700,
2025-07-30,114400,110000,116500,109700,541331,61402824650,00,0.00,N,2,4400,
2025-07-31,111100,118200,118300,109900,524364,59376789850,00,0.00,N,5,-3300,
2025-08-01,107300,109500,112300,107200,331420,36142926650,00,0.00,N,5,-3800,
2025-08-04,108000,108800,109800,106200,217537,23463545500,00,0.00,N,2,700,
2025-08-05,124500,109500,127900,109100,3163401,387710218100,00,0.00,N,2,16500,
2025-08-06,125900,124700,133000,123100,2110564,270375428600,00,0.00,N,2,1400,
2025-08-07,124800,127600,127600,122600,548978,68539722250,00,0.00,N,5,-1100,
2025-08-08,124100,124200,126000,123000,321435,40053031300,00,0.00,N,5,-700,
2025-08-11,134000,126700,134500,125600,1192273,156294498800,00,0.00,N,2,9900,
2025-08-12,134800,132900,142000,132100,1510267,207409610387,00,0.00,N,2,800,
2025-08-13,136500,138000,138200,134100,595557,81164440100,00,0.00,N,2,1700,
2025-08-14,138800,137400,141000,136000,759639,105034691500,00,0.00,N,2,2300,
2025-08-18,131300,137500,137600,131300,485229,64710615350,00,0.00,N,5,-7500,
2025-08-19,131900,132900,134100,129500,528073,69594333650,00,0.00,N,2,600,
2025-08-20,130200,128900,132900,128500,368863,48135058850,00,0.00,N,5,-1700,
2025-08-21,129800,130300,130900,128500,248196,32202625450,00,0.00,N,5,-400,
2025-08-22,128200,129400,130100,127200,253136,32524401450,00,0.00,N,5,-1600,
2025-08-25,131800,131900,133400,129300,321228,42385194900,00,0.00,N,2,3600,
2025-08-26,130800,131600,132400,130600,218519,28668185700,00,0.00,N,5,-1000,
2025-08-27,130400,131500,132400,130000,229117,29974471050,00,0.00,N,5,-400,
2025-08-28,126700,131100,133000,126100,379462,48484185600,00,0.00,N,5,-3700,
2025-08-29,121200,126800,126900,121000,506765,61958622300,00,0.00,N,5,-5500,
2025-09-01,119900,119900,122800,119300,228363,27581872800,00,0.00,N,5,-1300,
2025-09-02,119700,120000,120450,117300,327687,39041444900,00,0.00,N,5,-200,
2025-09-03,118300,119900,120500,117700,213903,25407902150,00,0.00,N,5,-1400,
2025-09-04,117900,121300,121700,117400,288275,34310372500,00,0.00,N,5,-400,
2025-09-05,116600,118400,118700,116500,208701,24488180250,00,0.00,N,5,-1300,
2025-09-08,116400,115100,119400,115000,289078,33752855150,00,0.00,N,5,-200,
2025-09-09,117900,116800,117900,116000,236821,27739798950,00,0.00,N,2,1500,
2025-09-10,115800,116900,116900,113900,559560,64519175050,00,0.00,N,5,-2100,
2025-09-11,116900,116100,117000,115000,434865,50578163350,00,0.00,N,2,1100,
2025-09-12,119000,119000,119500,117600,352031,41783688350,00,0.00,N,2,2100,
2025-09-15,121000,120000,122000,119300,379217,45733984150,00,0.00,N,2,2000,
2025-09-16,122300,121700,122500,120700,335758,40913471550,00,0.00,N,2,1300,
2025-09-17,121700,122600,124700,121400,355734,43712742800,00,0.00,N,5,-600,
2025-09-18,122900,122000,123600,120000,309243,37682054550,00,0.00,N,2,1200,
2025-09-19,118800,121800,122400,118800,468717,56162394150,00,0.00,N,5,-4100,
2025-09-22,118100,119000,120600,117800,281523,33451753800,00,0.00,N,5,-700,
2025-09-23,118700,118200,120700,117700,289084,34327298750,00,0.00,N,2,600,
2025-09-24,115200,120600,120700,115100,348084,40682008400,00,0.00,N,5,-3500,
2025-09-25,120400,115700,121500,115700,603613,72034088400,00,0.00,N,2,5200,
2025-09-26,115100,118800,118900,115100,326714,37956910650,00,0.00,N,5,-5300,
2025-09-29,115400,116100,116700,114400,253388,29306061250,00,0.00,N,2,300,
2025-09-30,113000,114800,116000,112900,277604,31628648600,00,0.00,N,5,-2400,
2025-10-01,112600,113500,114300,112000,205555,23251482150,00,0.00,N,5,-400,
2025-10-02,116300,113800,116500,113700,442617,51110274250,00,0.00,N,2,3700,
2025-10-10,112300,116200,116500,112200,438108,49582239650,00,0.00,N,5,-4000,
2025-10-13,117800,111200,119700,109500,658396,76595239400,00,0.00,N,2,5500,
2025-10-14,123700,118300,123800,117100,890874,109173593400,00,0.00,N,2,5900,
2025-10-15,125200,125400,125500,121400,443808,54994000750,00,0.00,N,2,1500,
2025-10-16,143000,125500,143000,124700,1962739,269607288400,00,0.00,N,2,17800,
2025-10-17,161000,145500,167400,140400,4990047,788364028600,00,0.00,N,2,18000,
2025-10-20,160300,158800,162800,153500,1505696,239403764050,00,0.00,N,5,-700,
2025-10-21,159800,159000,166600,156600,1310912,211473280900,00,0.00,N,5,-500,
2025-10-22,165200,161900,172000,160800,1381288,228445009850,00,0.00,N,2,5400,
2025-10-23,159400,165600,166300,158900,650815,105532879700,00,0.00,N,5,-5800,
2025-10-24,172600,161500,174400,160800,1653548,280265870350,00,0.00,N,2,13200,
2025-10-27,172900,179900,180000,169400,5785264,1000714771450,00,0.00,N,2,300,
2025-10-28,174100,171700,174400,167000,838564,143603707300,00,0.00,N,2,1200,
2025-10-29,171700,173200,174900,169000,527687,90803409500,00,0.00,N,5,-2400,
2025-10-30,162600,171800,176700,162400,893321,149059626700,00,0.00,N,5,-9100,
2025-10-31,160000,158000,164500,158000,695197,112177107850,00,0.00,N,5,-2600,
2025-11-03,164900,163600,165700,158600,531734,86676560400,00,0.00,N,2,4900,
2025-11-04,161800,170800,170900,161000,725702,119691156950,00,0.00,N,5,-3100,
2025-11-05,157900,159000,161900,150500,688684,107554753350,00,0.00,N,5,-3900,
2025-11-06,158000,162100,164800,158000,429277,68850376800,00,0.00,N,2,100,
2025-11-07,151100,154100,158500,148600,488367,74455435600,00,0.00,N,5,-6900,
2025-11-10,153800,151400,154600,148600,328529,49884439000,00,0.00,N,2,2700,
2025-11-11,153600,155400,162200,151300,561388,88269466300,00,0.00,N,5,-200,
2025-11-12,155300,155600,157000,152300,316121,49039738150,00,0.00,N,2,1700,
2025-11-13,160000,155200,160200,153200,578111,91501719750,00,0.00,N,2,4700,
2025-11-14,150600,155100,156400,150300,370728,56943966900,00,0.00,N,5,-9400,
2025-11-17,154400,153400,157500,151000,337973,52129826950,00,0.00,N,2,3800,
2025-11-18,145000,155000,155900,145000,390511,58020109700,00,0.00,N,5,-9400,
2025-11-19,143500,145000,146200,139300,412954,58765029000,00,0.00,N,5,-1500,
2025-11-20,145200,146200,148800,144700,245476,35934708200,00,0.00,N,2,1700,
2025-11-21,138200,138400,141600,137600,288050,40074868850,00,0.00,N,5,-7000,
2025-11-24,138500,139900,140100,134200,483265,65994572000,00,0.00,N,2,300,
2025-11-25,137400,141600,143500,136500,218794,30349193450,00,0.00,N,5,-1100,
2025-11-26,150000,139200,150000,139200,509226,74452111750,00,0.00,N,2,12600,
2025-11-27,147000,150700,150800,146800,237991,35352140100,00,0.00,N,5,-3000,
2025-11-28,149900,151900,154700,148000,379604,56932994700,00,0.00,N,2,2900,
2025-12-01,158900,154100,163000,153800,937384,149792185550,00,0.00,N,2,9000,
2025-12-02,159200,158800,159600,156000,351622,55639313950,00,0.00,N,2,300,
2025-12-03,156900,160000,160900,156600,230829,36475155650,00,0.00,N,5,-2300,
2025-12-04,157900,158200,164000,155700,387314,61603348400,00,0.00,N,2,1000,
2025-12-05,159700,156900,162400,156900,442403,70571581600,00,0.00,N,2,1800,
2025-12-08,173300,160900,174600,160100,1641004,279455978550,00,0.00,N,2,13600,
2025-12-09,182100,170300,189000,169100,2222927,406211078750,00,0.00,N,2,8800,
2025-12-10,179500,185300,185600,177900,674670,122464600450,00,0.00,N,5,-2600,
2025-12-11,173800,181500,181900,172500,854760,149358135300,00,0.00,N,5,-5700,
2025-12-12,176000,175000,176200,172500,392230,68426994550,00,0.00,N,2,2200,
2025-12-15,179700,172400,179700,170300,536214,94977566950,00,0.00,N,2,3700,
2025-12-16,165500,178900,179300,163500,853073,143983091450,00,0.00,N,5,-14200,
2025-12-17,165800,167500,169200,163200,410948,68272736150,00,0.00,N,2,300,
2025-12-18,154200,158200,160000,154000,539839,84712192350,00,0.00,N,5,-11600,
2025-12-19,155000,155800,157500,147700,762795,116834495100,00,0.00,N,2,800,
2025-12-22,158900,156800,159900,153500,333968,52828819500,00,0.00,N,2,3900,
2025-12-23,158000,160000,160100,157000,245633,38839908250,00,0.00,N,5,-900,
2025-12-24,157700,158800,161200,157000,249357,39553755600,00,0.00,N,5,-300,
2025-12-26,156300,157900,160300,155200,269772,42301701300,00,0.00,N,5,-1400,
2025-12-29,156300,151500,158100,150300,286734,44645273400,00,0.00,N,3,0,
2025-12-30,146600,153900,154000,145500,560716,83245813650,00,0.00,N,5,-9700,
2026-01-02,141700,145000,145500,141400,462810,66208137300,00,0.00,N,5,-4900,
2026-01-05,145800,139300,148400,139200,551111,80228909850,00,0.00,N,2,4100,
2026-01-06,148400,150400,150600,146500,383139,56796106800,00,0.00,N,2,2600,
2026-01-07,146800,148300,153400,145300,351759,52196982450,00,0.00,N,5,-1600,
2026-01-08,146300,146800,150400,144200,634042,92702119050,00,0.00,N,5,-500,
2026-01-09,141900,146200,146500,140800,340906,48525549800,00,0.00,N,5,-4400,
2026-01-12,151300,141100,151300,140300,621211,92447764650,00,0.00,N,2,9400,
2026-01-13,155700,153500,155700,150300,384550,58955872250,00,0.00,N,2,4400,
2026-01-14,149900,154700,155700,149700,348414,52919932800,00,0.00,N,5,-5800,
2026-01-15,150600,149900,151600,147300,345964,51690771350,00,0.00,N,2,700,
2026-01-16,145800,150000,151600,145500,365913,53684000000,00,0.00,N,5,-4800,
2026-01-19,154200,145000,154800,143800,568539,85335127200,00,0.00,N,2,8400,
2026-01-20,160100,155200,162400,153300,863013,137266768750,00,0.00,N,2,5900,
2026-01-21,160100,156600,163000,156000,701320,111817986150,00,0.00,N,3,0,
2026-01-22,172400,163000,173900,161600,1614324,275725831100,00,0.00,N,2,12300,
2026-01-23,174300,176700,177000,167200,1003581,172067951150,00,0.00,N,2,1900,
2026-01-26,209000,179000,209000,178200,4265569,838913981900,00,0.00,N,2,34700,
2026-01-27,213500,201500,215500,200500,1805235,380335221250,00,0.00,N,2,4500,
2026-01-28,229000,215000,230500,213500,2870049,641615545750,00,0.00,N,2,15500,
2026-01-29,246000,245000,260000,228500,3368789,822599376000,00,0.00,N,2,17000,
2026-01-30,232000,250000,256000,232000,2288279,558458860250,00,0.00,N,5,-14000,
2026-02-02,221000,227000,235500,216500,1008663,229060432500,00,0.00,N,5,-11000,
